"cost_scenario","seed","method","final_hypervolume","final_IGD_plus","pareto_size","minimum_cost_eur","maximum_storage_m3yr","minimum_unretained_m3"
"base",1,"TS",0.58084935178065,0.0630340042729551,46,1166891650.23736,686520641.993336,0
"base",1,"SCAL",0.564951198580663,0.0683516993220564,48,1154208437.38237,752581342.547672,0
"base",1,"EHVI",0.546198993054544,0.0716999636469693,14,1151981104.74546,708449379.008347,0
"base",1,"EPI",0.643142852446114,0.0405320290972818,15,1153480658.03846,746156639.392763,0
"base",2,"TS",0.5632406169979,0.064461468935245,46,1151681117.12075,710722176.985894,0
"base",2,"SCAL",0.609649908472565,0.0458874128944785,35,1153699464.30795,781940501.422216,0
"base",2,"EHVI",0.58465916722922,0.0597765472649137,46,1154397821.13663,745218692.654919,0
"base",2,"EPI",0.633596670653869,0.0395242083034084,11,1154397821.13663,730113362.114074,0
"base",3,"TS",0.574274337807927,0.056818608002542,20,1153585727.37247,768819823.336136,0
"base",3,"SCAL",0.630579341378084,0.0319124533921022,25,1156688128.86301,833949418.666173,0
"base",3,"EHVI",0.627853909031785,0.0539482689670367,23,1151977211.40215,778442761.85845,0
"base",3,"EPI",0.587924900548248,0.0568064217999543,14,1156416461.13553,723179514.294899,0
"base",4,"TS",0.590680088510506,0.0585821433926008,27,1160444365.66344,712680498.078651,0
"base",4,"SCAL",0.687263909579833,0.0113642944265491,18,1153997530.92978,803412879.036328,0
"base",4,"EHVI",0.625340503821786,0.0347392622010078,29,1153765976.66186,817983513.908264,0
"base",4,"EPI",0.614191247572563,0.045589290127295,15,1154243761.4372,718170293.177989,0
"base",5,"TS",0.598279392071556,0.0489590976890641,14,1152202811.7876,765074456.51798,0
"base",5,"SCAL",0.640022701526467,0.0283087987671843,30,1155484810.1249,813502674.443543,0
"base",5,"EHVI",0.586631802468718,0.0563476488646628,33,1152305992.48954,748083777.399606,0
"base",5,"EPI",0.586107672799724,0.0548482956982173,14,1151540414.03109,783672554.765925,0
"base",6,"TS",0.578949937940012,0.0617472683961109,34,1159495571.79816,723619608.200371,0
"base",6,"SCAL",0.605421561477063,0.046297176225691,38,1157385178.86285,772796339.167385,0
"base",6,"EHVI",0.589047569662447,0.0575434222935371,20,1153928659.39426,732815260.93984,0
"base",6,"EPI",0.639594523180097,0.0464756332840781,18,1151413627.77392,828029312.557895,0
"base",7,"TS",0.573850357564981,0.0568849977174812,37,1154082567.09165,740610689.750965,0
"base",7,"SCAL",0.564116103419747,0.0757597926174395,43,1153869667.99147,728113406.525632,0
"base",7,"EHVI",0.619196173945967,0.0386167333377662,19,1154464011.59205,785917783.908935,0
"base",7,"EPI",0.538807352941225,0.0835064133273694,22,1153552415.60218,740243951.92395,0
"base",8,"TS",0.598355085401847,0.051814969169793,12,1153831221.59487,746111428.025916,0
"base",8,"SCAL",0.594707442809903,0.0512526533245969,34,1158882134.71707,736519454.445691,0
"base",8,"EHVI",0.656533047244414,0.0352630088261038,16,1154095058.33531,761283469.248137,0
"base",8,"EPI",0.634864801034798,0.040552619786358,10,1166079464.45433,723257969.870908,0
"base",9,"TS",0.661878872928063,0.0296364252161296,26,1152979234.7339,744892268.679059,0
"base",9,"SCAL",0.680247337787129,0.0112962804144222,30,1158518656.54977,837712163.079185,0
"base",9,"EHVI",0.669366392241028,0.0199579691848545,16,1176210000.5871,841628904.809238,0
"base",9,"EPI",0.610779057808428,0.0521756190597914,19,1152216859.24265,742991659.843336,0
"base",10,"TS",0.608696461984383,0.0435045203583454,12,1155554799.82712,742223653.818252,0
"base",10,"SCAL",0.599108519436003,0.0507206600679192,54,1153966493.62743,762259289.018862,0
"base",10,"EHVI",0.583208418177494,0.056552410589408,38,1152508069.28559,742223653.818252,0
"base",10,"EPI",0.591730253991365,0.0529270336624519,11,1155554799.82712,742223653.818252,0
"all_chain_costs_minus25pct",1,"TS",0.58084935178065,0.0630340042729551,46,875168737.678023,686520641.993336,0
"all_chain_costs_minus25pct",1,"SCAL",0.564951198580663,0.0683516993220564,48,865656328.036779,752581342.547672,0
"all_chain_costs_minus25pct",1,"EHVI",0.546198993054544,0.0716999636469693,14,863985828.559095,708449379.008347,0
"all_chain_costs_minus25pct",1,"EPI",0.643142852446114,0.0405320290972818,15,865110493.528846,746156639.392763,0
"all_chain_costs_minus25pct",2,"TS",0.5632406169979,0.064461468935245,46,863760837.84056,710722176.985894,0
"all_chain_costs_minus25pct",2,"SCAL",0.609649908472565,0.0458874128944785,35,865274598.23096,781940501.422216,0
"all_chain_costs_minus25pct",2,"EHVI",0.58465916722922,0.0597765472649137,46,865798365.852476,745218692.654919,0
"all_chain_costs_minus25pct",2,"EPI",0.633596670653869,0.0395242083034084,11,865798365.852476,730113362.114074,0
"all_chain_costs_minus25pct",3,"TS",0.574274337807927,0.0568186080025421,20,865189295.529356,768819823.336136,0
"all_chain_costs_minus25pct",3,"SCAL",0.630579341378084,0.0319124533921022,25,867516096.647256,833949418.666173,0
"all_chain_costs_minus25pct",3,"EHVI",0.627853909031785,0.0539482689670367,23,863982908.55161,778442761.85845,0
"all_chain_costs_minus25pct",3,"EPI",0.587924900548248,0.0568064217999543,14,867312345.851646,723179514.294899,0
"all_chain_costs_minus25pct",4,"TS",0.590680088510506,0.0585821433926008,27,870333274.247582,712680498.078651,0
"all_chain_costs_minus25pct",4,"SCAL",0.687263909579833,0.0113642944265491,18,865498148.197334,803412879.036328,0
"all_chain_costs_minus25pct",4,"EHVI",0.625340503821786,0.0347392622010078,29,865324482.496397,817983513.908264,0
"all_chain_costs_minus25pct",4,"EPI",0.614191247572563,0.045589290127295,15,865682821.0779,718170293.177989,0
"all_chain_costs_minus25pct",5,"TS",0.598279392071556,0.0489590976890641,14,864152108.840702,765074456.51798,0
"all_chain_costs_minus25pct",5,"SCAL",0.640022701526467,0.0283087987671844,30,866613607.593672,813502674.443543,0
"all_chain_costs_minus25pct",5,"EHVI",0.586631802468718,0.0563476488646628,33,864229494.367156,748083777.399606,0
"all_chain_costs_minus25pct",5,"EPI",0.586107672799724,0.0548482956982173,14,863655310.523321,783672554.765925,0
"all_chain_costs_minus25pct",6,"TS",0.578949937940012,0.0617472683961109,34,869621678.848617,723619608.200371,0
"all_chain_costs_minus25pct",6,"SCAL",0.605421561477063,0.046297176225691,38,868038884.147137,772796339.167385,0
"all_chain_costs_minus25pct",6,"EHVI",0.589047569662447,0.0575434222935372,20,865446494.545691,732815260.93984,0
"all_chain_costs_minus25pct",6,"EPI",0.639594523180097,0.0464756332840782,18,863560220.830439,828029312.557895,0
"all_chain_costs_minus25pct",7,"TS",0.573850357564981,0.0568849977174813,37,865561925.318735,740610689.750965,0
"all_chain_costs_minus25pct",7,"SCAL",0.564116103419747,0.0757597926174395,43,865402250.993604,728113406.525632,0
"all_chain_costs_minus25pct",7,"EHVI",0.619196173945967,0.0386167333377662,19,865848008.694034,785917783.908935,0
"all_chain_costs_minus25pct",7,"EPI",0.538807352941225,0.0835064133273694,22,865164311.701632,740243951.92395,0
"all_chain_costs_minus25pct",8,"TS",0.598355085401847,0.051814969169793,12,865373416.196153,746111428.025916,0
"all_chain_costs_minus25pct",8,"SCAL",0.594707442809904,0.0512526533245968,34,869161601.037806,736519454.445691,0
"all_chain_costs_minus25pct",8,"EHVI",0.656533047244414,0.0352630088261039,16,865571293.751479,761283469.248137,0
"all_chain_costs_minus25pct",8,"EPI",0.634864801034799,0.040552619786358,10,874559598.340749,723257969.870908,0
"all_chain_costs_minus25pct",9,"TS",0.661878872928063,0.0296364252161296,26,864734426.050424,744892268.679059,0
"all_chain_costs_minus25pct",9,"SCAL",0.680247337787129,0.0112962804144222,30,868888992.412324,837712163.079185,0
"all_chain_costs_minus25pct",9,"EHVI",0.669366392241028,0.0199579691848545,16,882157500.440328,841628904.809238,0
"all_chain_costs_minus25pct",9,"EPI",0.610779057808428,0.0521756190597914,19,864162644.431984,742991659.843336,0
"all_chain_costs_minus25pct",10,"TS",0.608696461984383,0.0435045203583454,12,866666099.870339,742223653.818252,0
"all_chain_costs_minus25pct",10,"SCAL",0.599108519436003,0.0507206600679192,54,865474870.220572,762259289.018862,0
"all_chain_costs_minus25pct",10,"EHVI",0.583208418177495,0.056552410589408,38,864381051.96419,742223653.818252,0
"all_chain_costs_minus25pct",10,"EPI",0.591730253991365,0.0529270336624519,11,866666099.870339,742223653.818252,0
"all_chain_costs_plus25pct",1,"TS",0.58084935178065,0.0630340042729551,46,1458614562.7967,686520641.993336,0
"all_chain_costs_plus25pct",1,"SCAL",0.564951198580663,0.0683516993220564,48,1442760546.72796,752581342.547672,0
"all_chain_costs_plus25pct",1,"EHVI",0.546198993054544,0.0716999636469693,14,1439976380.93182,708449379.008347,0
"all_chain_costs_plus25pct",1,"EPI",0.643142852446114,0.0405320290972818,15,1441850822.54808,746156639.392763,0
"all_chain_costs_plus25pct",2,"TS",0.5632406169979,0.064461468935245,46,1439601396.40093,710722176.985894,0
"all_chain_costs_plus25pct",2,"SCAL",0.609649908472565,0.0458874128944785,35,1442124330.38493,781940501.422216,0
"all_chain_costs_plus25pct",2,"EHVI",0.58465916722922,0.0597765472649137,46,1442997276.42079,745218692.654919,0
"all_chain_costs_plus25pct",2,"EPI",0.633596670653869,0.0395242083034084,11,1442997276.42079,730113362.114074,0
"all_chain_costs_plus25pct",3,"TS",0.574274337807927,0.056818608002542,20,1441982159.21559,768819823.336136,0
"all_chain_costs_plus25pct",3,"SCAL",0.630579341378084,0.0319124533921022,25,1445860161.07876,833949418.666173,0
"all_chain_costs_plus25pct",3,"EHVI",0.627853909031785,0.0539482689670367,23,1439971514.25268,778442761.85845,0
"all_chain_costs_plus25pct",3,"EPI",0.587924900548248,0.0568064217999543,14,1445520576.41941,723179514.294899,0
"all_chain_costs_plus25pct",4,"TS",0.590680088510506,0.0585821433926008,27,1450555457.0793,712680498.078651,0
"all_chain_costs_plus25pct",4,"SCAL",0.687263909579833,0.0113642944265491,18,1442496913.66222,803412879.036328,0
"all_chain_costs_plus25pct",4,"EHVI",0.625340503821786,0.0347392622010078,29,1442207470.82733,817983513.908264,0
"all_chain_costs_plus25pct",4,"EPI",0.614191247572563,0.045589290127295,15,1442804701.7965,718170293.177989,0
"all_chain_costs_plus25pct",5,"TS",0.598279392071556,0.0489590976890641,14,1440253514.7345,765074456.51798,0
"all_chain_costs_plus25pct",5,"SCAL",0.640022701526467,0.0283087987671843,30,1444356012.65612,813502674.443543,0
"all_chain_costs_plus25pct",5,"EHVI",0.586631802468718,0.0563476488646628,33,1440382490.61193,748083777.399606,0
"all_chain_costs_plus25pct",5,"EPI",0.586107672799724,0.0548482956982173,14,1439425517.53887,783672554.765925,0
"all_chain_costs_plus25pct",6,"TS",0.578949937940012,0.0617472683961109,34,1449369464.7477,723619608.200371,0
"all_chain_costs_plus25pct",6,"SCAL",0.605421561477063,0.046297176225691,38,1446731473.57856,772796339.167385,0
"all_chain_costs_plus25pct",6,"EHVI",0.589047569662447,0.0575434222935372,20,1442410824.24282,732815260.93984,0
"all_chain_costs_plus25pct",6,"EPI",0.639594523180097,0.0464756332840781,18,1439267034.7174,828029312.557895,0
"all_chain_costs_plus25pct",7,"TS",0.573850357564981,0.0568849977174813,37,1442603208.86456,740610689.750965,0
"all_chain_costs_plus25pct",7,"SCAL",0.564116103419747,0.0757597926174395,43,1442337084.98934,728113406.525632,0
"all_chain_costs_plus25pct",7,"EHVI",0.619196173945967,0.0386167333377662,19,1443080014.49006,785917783.908935,0
"all_chain_costs_plus25pct",7,"EPI",0.538807352941225,0.0835064133273694,22,1441940519.50272,740243951.92395,0
"all_chain_costs_plus25pct",8,"TS",0.598355085401847,0.051814969169793,12,1442289026.99359,746111428.025916,0
"all_chain_costs_plus25pct",8,"SCAL",0.594707442809903,0.0512526533245968,34,1448602668.39634,736519454.445691,0
"all_chain_costs_plus25pct",8,"EHVI",0.656533047244414,0.0352630088261038,16,1442618822.91913,761283469.248137,0
"all_chain_costs_plus25pct",8,"EPI",0.634864801034798,0.040552619786358,10,1457599330.56791,723257969.870908,0
"all_chain_costs_plus25pct",9,"TS",0.661878872928063,0.0296364252161296,26,1441224043.41737,744892268.679059,0
"all_chain_costs_plus25pct",9,"SCAL",0.680247337787129,0.0112962804144222,30,1448148320.68721,837712163.079185,0
"all_chain_costs_plus25pct",9,"EHVI",0.669366392241028,0.0199579691848545,16,1470262500.73388,841628904.809238,0
"all_chain_costs_plus25pct",9,"EPI",0.610779057808428,0.0521756190597914,19,1440271074.05331,742991659.843336,0
"all_chain_costs_plus25pct",10,"TS",0.608696461984383,0.0435045203583454,12,1444443499.7839,742223653.818252,0
"all_chain_costs_plus25pct",10,"SCAL",0.599108519436003,0.0507206600679192,54,1442458117.03429,762259289.018862,0
"all_chain_costs_plus25pct",10,"EHVI",0.583208418177494,0.056552410589408,38,1440635086.60698,742223653.818252,0
"all_chain_costs_plus25pct",10,"EPI",0.591730253991365,0.0529270336624519,11,1444443499.7839,742223653.818252,0
"capture_low_JRC_40",1,"TS",0.58084935178065,0.0630340042729551,46,878057083.346927,686520641.993336,0
"capture_low_JRC_40",1,"SCAL",0.564951198580663,0.0683516993220564,48,868513279.614458,752581342.547672,0
"capture_low_JRC_40",1,"EHVI",0.546198993054544,0.0716999636469693,14,866837266.937178,708449379.008347,0
"capture_low_JRC_40",1,"EPI",0.643142852446114,0.0405320290972818,15,867965643.672505,746156639.392763,0
"capture_low_JRC_40",2,"TS",0.5632406169979,0.064461468935245,46,866611533.675017,710722176.985894,0
"capture_low_JRC_40",2,"SCAL",0.609649908472565,0.0458874128944785,35,868130289.974296,781940501.422216,0
"capture_low_JRC_40",2,"EHVI",0.58465916722922,0.0597765472649137,46,868655786.201824,745218692.654919,0
"capture_low_JRC_40",2,"EPI",0.633596670653868,0.0395242083034084,11,868655786.201824,730113362.114074,0
"capture_low_JRC_40",3,"TS",0.574274337807927,0.056818608002542,20,868044705.745624,768819823.336136,0
"capture_low_JRC_40",3,"SCAL",0.630579341378084,0.0319124533921022,25,870379186.075134,833949418.666173,0
"capture_low_JRC_40",3,"EHVI",0.627853909031785,0.0539482689670367,23,866834337.292705,778442761.85845,0
"capture_low_JRC_40",3,"EPI",0.587924900548248,0.0568064217999543,14,870174762.834655,723179514.294899,0
"capture_low_JRC_40",4,"TS",0.590680088510506,0.0585821433926008,27,873205661.291303,712680498.078651,0
"capture_low_JRC_40",4,"SCAL",0.687263909579833,0.0113642944265491,18,868354577.729339,803412879.036328,0
"capture_low_JRC_40",4,"EHVI",0.625340503821786,0.0347392622010078,29,868180338.874273,817983513.908264,0
"capture_low_JRC_40",4,"EPI",0.614191247572563,0.0455892901272951,15,868539860.091358,718170293.177989,0
"capture_low_JRC_40",5,"TS",0.598279392071556,0.0489590976890641,14,867004095.998592,765074456.51798,0
"capture_low_JRC_40",5,"SCAL",0.640022701526467,0.0283087987671844,30,869473718.509823,813502674.443543,0
"capture_low_JRC_40",5,"EHVI",0.586631802468718,0.0563476488646628,33,867081736.922823,748083777.399606,0
"capture_low_JRC_40",5,"EPI",0.586107672799724,0.0548482956982173,14,866505658.082804,783672554.765925,0
"capture_low_JRC_40",6,"TS",0.578949937940012,0.0617472683961109,34,872491717.392672,723619608.200371,0
"capture_low_JRC_40",6,"SCAL",0.605421561477062,0.046297176225691,38,870903698.946303,772796339.167385,0
"capture_low_JRC_40",6,"EHVI",0.589047569662447,0.0575434222935371,20,868302753.603598,732815260.93984,0
"capture_low_JRC_40",6,"EPI",0.639594523180097,0.0464756332840781,18,866410254.562553,828029312.557895,0
"capture_low_JRC_40",7,"TS",0.573850357564981,0.0568849977174813,37,868418565.336289,740610689.750965,0
"capture_low_JRC_40",7,"SCAL",0.564116103419747,0.0757597926174394,43,868258364.033187,728113406.525632,0
"capture_low_JRC_40",7,"EHVI",0.619196173945967,0.0386167333377662,19,868705592.881143,785917783.908935,0
"capture_low_JRC_40",7,"EPI",0.538807352941225,0.0835064133273695,22,868019639.463024,740243951.92395,0
"capture_low_JRC_40",8,"TS",0.598355085401847,0.051814969169793,12,868229434.071388,746111428.025916,0
"capture_low_JRC_40",8,"SCAL",0.594707442809903,0.0512526533245968,34,872030121.173244,736519454.445691,0
"capture_low_JRC_40",8,"EHVI",0.656533047244414,0.0352630088261038,16,868427964.687953,761283469.248137,0
"capture_low_JRC_40",8,"EPI",0.634864801034798,0.040552619786358,10,877445933.648804,723257969.870908,0
"capture_low_JRC_40",9,"TS",0.661878872928063,0.0296364252161296,26,867588335.04729,744892268.679059,0
"capture_low_JRC_40",9,"SCAL",0.680247337787129,0.0112962804144222,30,871756612.849329,837712163.079185,0
"capture_low_JRC_40",9,"EHVI",0.669366392241028,0.0199579691848544,16,885068911.33287,841628904.809238,0
"capture_low_JRC_40",9,"EPI",0.610779057808428,0.0521756190597914,19,867014666.360803,742991659.843336,0
"capture_low_JRC_40",10,"TS",0.608696461984383,0.0435045203583454,12,869526384.028327,742223653.818252,0
"capture_low_JRC_40",10,"SCAL",0.599108519436003,0.0507206600679192,54,868331222.92757,762259289.018862,0
"capture_low_JRC_40",10,"EHVI",0.583208418177494,0.056552410589408,38,867233794.709947,742223653.818252,0
"capture_low_JRC_40",10,"EPI",0.591730253991365,0.0529270336624519,11,869526384.028327,742223653.818252,0
"capture_high_JRC_90",1,"TS",0.58084935178065,0.0630340042729551,46,1455726217.1278,686520641.993336,0
"capture_high_JRC_90",1,"SCAL",0.564951198580663,0.0683516993220564,48,1439903595.15029,752581342.547672,0
"capture_high_JRC_90",1,"EHVI",0.546198993054544,0.0716999636469693,14,1437124942.55374,708449379.008347,0
"capture_high_JRC_90",1,"EPI",0.643142852446114,0.0405320290972818,15,1438995672.40442,746156639.392763,0
"capture_high_JRC_90",2,"TS",0.5632406169979,0.064461468935245,46,1436750700.56648,710722176.985894,0
"capture_high_JRC_90",2,"SCAL",0.609649908472565,0.0458874128944785,35,1439268638.6416,781940501.422216,0
"capture_high_JRC_90",2,"EHVI",0.58465916722922,0.0597765472649137,46,1440139856.07144,745218692.654919,0
"capture_high_JRC_90",2,"EPI",0.633596670653869,0.0395242083034084,11,1440139856.07144,730113362.114074,0
"capture_high_JRC_90",3,"TS",0.574274337807927,0.0568186080025421,20,1439126748.99932,768819823.336136,0
"capture_high_JRC_90",3,"SCAL",0.630579341378084,0.0319124533921022,25,1442997071.65088,833949418.666173,0
"capture_high_JRC_90",3,"EHVI",0.627853909031785,0.0539482689670367,23,1437120085.51159,778442761.85845,0
"capture_high_JRC_90",3,"EPI",0.587924900548248,0.0568064217999543,14,1442658159.4364,723179514.294899,0
"capture_high_JRC_90",4,"TS",0.590680088510506,0.0585821433926008,27,1447683070.03558,712680498.078651,0
"capture_high_JRC_90",4,"SCAL",0.687263909579833,0.0113642944265491,18,1439640484.13022,803412879.036328,0
"capture_high_JRC_90",4,"EHVI",0.625340503821786,0.0347392622010078,29,1439351614.44945,817983513.908264,0
"capture_high_JRC_90",4,"EPI",0.614191247572563,0.045589290127295,15,1439947662.78304,718170293.177989,0
"capture_high_JRC_90",5,"TS",0.598279392071556,0.0489590976890641,14,1437401527.57661,765074456.51798,0
"capture_high_JRC_90",5,"SCAL",0.640022701526467,0.0283087987671843,30,1441495901.73997,813502674.443543,0
"capture_high_JRC_90",5,"EHVI",0.586631802468718,0.0563476488646628,33,1437530248.05626,748083777.399606,0
"capture_high_JRC_90",5,"EPI",0.586107672799724,0.0548482956982173,14,1436575169.97939,783672554.765925,0
"capture_high_JRC_90",6,"TS",0.578949937940012,0.0617472683961109,34,1446499426.20364,723619608.200371,0
"capture_high_JRC_90",6,"SCAL",0.605421561477063,0.046297176225691,38,1443866658.7794,772796339.167385,0
"capture_high_JRC_90",6,"EHVI",0.589047569662447,0.0575434222935372,20,1439554565.18491,732815260.93984,0
"capture_high_JRC_90",6,"EPI",0.639594523180097,0.0464756332840781,18,1436417000.98529,828029312.557895,0
"capture_high_JRC_90",7,"TS",0.573850357564981,0.0568849977174813,37,1439746568.84701,740610689.750965,0
"capture_high_JRC_90",7,"SCAL",0.564116103419747,0.0757597926174395,43,1439480971.94976,728113406.525632,0
"capture_high_JRC_90",7,"EHVI",0.619196173945967,0.0386167333377662,19,1440222430.30295,785917783.908935,0
"capture_high_JRC_90",7,"EPI",0.538807352941225,0.0835064133273694,22,1439085191.74133,740243951.92395,0
"capture_high_JRC_90",8,"TS",0.598355085401847,0.051814969169793,12,1439433009.11835,746111428.025916,0
"capture_high_JRC_90",8,"SCAL",0.594707442809903,0.0512526533245968,34,1445734148.2609,736519454.445691,0
"capture_high_JRC_90",8,"EHVI",0.656533047244414,0.0352630088261038,16,1439762151.98266,761283469.248137,0
"capture_high_JRC_90",8,"EPI",0.634864801034798,0.040552619786358,10,1454712995.25986,723257969.870908,0
"capture_high_JRC_90",9,"TS",0.661878872928063,0.0296364252161296,26,1438370134.42051,744892268.679059,0
"capture_high_JRC_90",9,"SCAL",0.680247337787129,0.0112962804144222,30,1445280700.2502,837712163.079185,0
"capture_high_JRC_90",9,"EHVI",0.669366392241028,0.0199579691848545,16,1467351089.84134,841628904.809238,0
"capture_high_JRC_90",9,"EPI",0.610779057808428,0.0521756190597914,19,1437419052.12449,742991659.843336,0
"capture_high_JRC_90",10,"TS",0.608696461984383,0.0435045203583454,12,1441583215.62591,742223653.818252,0
"capture_high_JRC_90",10,"SCAL",0.599108519436003,0.0507206600679192,54,1439601764.32729,762259289.018862,0
"capture_high_JRC_90",10,"EHVI",0.583208418177494,0.056552410589408,38,1437782343.86123,742223653.818252,0
"capture_high_JRC_90",10,"EPI",0.591730253991365,0.0529270336624519,11,1441583215.62591,742223653.818252,0
"transport_low_JRC_2",1,"TS",0.58084935178065,0.0630340042729551,46,1005144292.77872,686520641.993336,0
"transport_low_JRC_2",1,"SCAL",0.564951198580663,0.0683516993220564,48,994219149.03234,752581342.547672,0
"transport_low_JRC_2",1,"EHVI",0.546198993054544,0.0716999636469693,14,992300555.572822,708449379.008347,0
"transport_low_JRC_2",1,"EPI",0.643142852446114,0.0405320290972818,15,993592249.993526,746156639.392763,0
"transport_low_JRC_2",2,"TS",0.5632406169979,0.064461468935245,46,992042150.391138,710722176.985894,0
"transport_low_JRC_2",2,"SCAL",0.609649908472565,0.0458874128944785,35,993780726.681103,781940501.422216,0
"transport_low_JRC_2",2,"EHVI",0.58465916722922,0.0597765472649137,46,994382281.57314,745218692.654919,0
"transport_low_JRC_2",2,"EPI",0.633596670653869,0.0395242083034084,11,994382281.57314,730113362.114074,0
"transport_low_JRC_2",3,"TS",0.574274337807927,0.0568186080025421,20,993682755.261438,768819823.336136,0
"transport_low_JRC_2",3,"SCAL",0.630579341378084,0.0319124533921022,25,996355120.901798,833949418.666173,0
"transport_low_JRC_2",3,"EHVI",0.627853909031785,0.0539482689670367,23,992297201.900859,778442761.85845,0
"transport_low_JRC_2",3,"EPI",0.587924900548248,0.0568064217999544,14,996121110.08704,723179514.294899,0
"transport_low_JRC_2",4,"TS",0.590680088510506,0.0585821433926008,27,999590691.215044,712680498.078651,0
"transport_low_JRC_2",4,"SCAL",0.687263909579833,0.0113642944265491,18,994037477.137533,803412879.036328,0
"transport_low_JRC_2",4,"EHVI",0.625340503821786,0.0347392622010078,29,993838019.500813,817983513.908264,0
"transport_low_JRC_2",4,"EPI",0.614191247572563,0.045589290127295,15,994249576.683529,718170293.177989,0
"transport_low_JRC_2",5,"TS",0.598279392071556,0.0489590976890641,14,992491530.945757,765074456.51798,0
"transport_low_JRC_2",5,"SCAL",0.640022701526467,0.0283087987671844,30,995318598.820455,813502674.443543,0
"transport_low_JRC_2",5,"EHVI",0.586631802468719,0.0563476488646628,33,992580409.372179,748083777.399606,0
"transport_low_JRC_2",5,"EPI",0.586107672799724,0.0548482956982173,14,991920950.700052,783672554.765925,0
"transport_low_JRC_2",6,"TS",0.578949937940012,0.0617472683961109,34,998773413.331085,723619608.200371,0
"transport_low_JRC_2",6,"SCAL",0.605421561477063,0.046297176225691,38,996955550.109583,772796339.167385,0
"transport_low_JRC_2",6,"EHVI",0.589047569662447,0.0575434222935372,20,993978152.151487,732815260.93984,0
"transport_low_JRC_2",6,"EPI",0.639594523180097,0.0464756332840782,18,991811738.775554,828029312.557895,0
"transport_low_JRC_2",7,"TS",0.573850357564981,0.0568849977174812,37,994110726.108647,740610689.750965,0
"transport_low_JRC_2",7,"SCAL",0.564116103419747,0.0757597926174395,43,993927337.774832,728113406.525632,0
"transport_low_JRC_2",7,"EHVI",0.619196173945967,0.0386167333377662,19,994439297.11394,785917783.908935,0
"transport_low_JRC_2",7,"EPI",0.538807352941225,0.0835064133273694,22,993654060.964251,740243951.92395,0
"transport_low_JRC_2",8,"TS",0.598355085401847,0.051814969169793,12,993894220.58172,746111428.025916,0
"transport_low_JRC_2",8,"SCAL",0.594707442809904,0.0512526533245968,34,998245007.132529,736519454.445691,0
"transport_low_JRC_2",8,"EHVI",0.656533047244414,0.0352630088261038,16,994121485.892788,761283469.248137,0
"transport_low_JRC_2",8,"EPI",0.634864801034799,0.040552619786358,10,1004444687.20324,723257969.870908,0
"transport_low_JRC_2",9,"TS",0.661878872928063,0.0296364252161296,26,993160330.909397,744892268.679059,0
"transport_low_JRC_2",9,"SCAL",0.680247337787129,0.0112962804144222,30,997931912.077521,837712163.079185,0
"transport_low_JRC_2",9,"EHVI",0.669366392241028,0.0199579691848545,16,1013170990.60473,841628904.809238,0
"transport_low_JRC_2",9,"EPI",0.610779057808428,0.0521756190597914,19,992503631.228814,742991659.843336,0
"transport_low_JRC_2",10,"TS",0.608696461984383,0.0435045203583454,12,995378886.979795,742223653.818252,0
"transport_low_JRC_2",10,"SCAL",0.599108519436003,0.0507206600679192,54,994010742.035508,762259289.018862,0
"transport_low_JRC_2",10,"EHVI",0.583208418177494,0.056552410589408,38,992754475.523229,742223653.818252,0
"transport_low_JRC_2",10,"EPI",0.591730253991365,0.0529270336624519,11,995378886.979795,742223653.818252,0
"transport_high_JRC_30",1,"TS",0.58084935178065,0.0630340042729551,46,1328639007.69601,686520641.993336,0
"transport_high_JRC_30",1,"SCAL",0.564951198580663,0.0683516993220564,48,1314197725.7324,752581342.547672,0
"transport_high_JRC_30",1,"EHVI",0.546198993054544,0.0716999636469693,14,1311661653.9181,708449379.008347,0
"transport_high_JRC_30",1,"EPI",0.643142852446114,0.0405320290972819,15,1313369066.0834,746156639.392763,0
"transport_high_JRC_30",2,"TS",0.5632406169979,0.064461468935245,46,1311320083.85035,710722176.985894,0
"transport_high_JRC_30",2,"SCAL",0.609649908472565,0.0458874128944785,35,1313618201.93479,781940501.422216,0
"transport_high_JRC_30",2,"EHVI",0.58465916722922,0.0597765472649137,46,1314413360.70013,745218692.654919,0
"transport_high_JRC_30",2,"EPI",0.633596670653869,0.0395242083034084,11,1314413360.70013,730113362.114074,0
"transport_high_JRC_30",3,"TS",0.574274337807927,0.056818608002542,20,1313488699.48351,768819823.336136,0
"transport_high_JRC_30",3,"SCAL",0.630579341378084,0.0319124533921022,25,1317021136.82422,833949418.666173,0
"transport_high_JRC_30",3,"EHVI",0.627853909031785,0.0539482689670367,23,1311657220.90343,778442761.85845,0
"transport_high_JRC_30",3,"EPI",0.587924900548248,0.0568064217999543,14,1316711812.18402,723179514.294899,0
"transport_high_JRC_30",4,"TS",0.590680088510506,0.0585821433926008,27,1321298040.11184,712680498.078651,0
"transport_high_JRC_30",4,"SCAL",0.687263909579833,0.0113642944265491,18,1313957584.72203,803412879.036328,0
"transport_high_JRC_30",4,"EHVI",0.625340503821786,0.0347392622010078,29,1313693933.82291,817983513.908264,0
"transport_high_JRC_30",4,"EPI",0.614191247572563,0.045589290127295,15,1314237946.19087,718170293.177989,0
"transport_high_JRC_30",5,"TS",0.598279392071556,0.0489590976890641,14,1311914092.62945,765074456.51798,0
"transport_high_JRC_30",5,"SCAL",0.640022701526467,0.0283087987671844,30,1315651021.42934,813502674.443543,0
"transport_high_JRC_30",5,"EHVI",0.586631802468718,0.0563476488646628,33,1312031575.6069,748083777.399606,0
"transport_high_JRC_30",5,"EPI",0.586107672799724,0.0548482956982173,14,1311159877.36214,783672554.765925,0
"transport_high_JRC_30",6,"TS",0.578949937940012,0.0617472683961109,34,1320217730.26523,723619608.200371,0
"transport_high_JRC_30",6,"SCAL",0.605421561477063,0.046297176225691,38,1317814807.61612,772796339.167385,0
"transport_high_JRC_30",6,"EHVI",0.589047569662447,0.0575434222935372,20,1313879166.63702,732815260.93984,0
"transport_high_JRC_30",6,"EPI",0.639594523180097,0.0464756332840782,18,1311015516.77228,828029312.557895,0
"transport_high_JRC_30",7,"TS",0.573850357564981,0.0568849977174813,37,1314054408.07465,740610689.750965,0
"transport_high_JRC_30",7,"SCAL",0.564116103419747,0.0757597926174395,43,1313811998.20811,728113406.525632,0
"transport_high_JRC_30",7,"EHVI",0.619196173945967,0.0386167333377662,19,1314488726.07015,785917783.908935,0
"transport_high_JRC_30",7,"EPI",0.538807352941225,0.0835064133273695,22,1313450770.2401,740243951.92395,0
"transport_high_JRC_30",8,"TS",0.598355085401847,0.051814969169793,12,1313768222.60802,746111428.025916,0
"transport_high_JRC_30",8,"SCAL",0.594707442809904,0.0512526533245969,34,1319519262.30162,736519454.445691,0
"transport_high_JRC_30",8,"EHVI",0.656533047244414,0.0352630088261038,16,1314068630.77782,761283469.248137,0
"transport_high_JRC_30",8,"EPI",0.634864801034799,0.040552619786358,10,1327714241.70543,723257969.870908,0
"transport_high_JRC_30",9,"TS",0.661878872928063,0.0296364252161296,26,1312798138.5584,744892268.679059,0
"transport_high_JRC_30",9,"SCAL",0.680247337787129,0.0112962804144222,30,1319105401.02201,837712163.079185,0
"transport_high_JRC_30",9,"EHVI",0.669366392241028,0.0199579691848545,16,1339249010.56947,841628904.809238,0
"transport_high_JRC_30",9,"EPI",0.610779057808428,0.0521756190597914,19,1311930087.25648,742991659.843336,0
"transport_high_JRC_30",10,"TS",0.608696461984383,0.0435045203583454,12,1315730712.67444,742223653.818252,0
"transport_high_JRC_30",10,"SCAL",0.599108519436003,0.0507206600679192,54,1313922245.21935,762259289.018862,0
"transport_high_JRC_30",10,"EHVI",0.583208418177494,0.056552410589408,38,1312261663.04795,742223653.818252,0
"transport_high_JRC_30",10,"EPI",0.591730253991365,0.0529270336624519,11,1315730712.67444,742223653.818252,0
"storage_low_JRC_5",1,"TS",0.58084935178065,0.0630340042729551,46,993590910.103102,686520641.993336,0
"storage_low_JRC_5",1,"SCAL",0.564951198580663,0.0683516993220564,48,982791342.721624,752581342.547672,0
"storage_low_JRC_5",1,"EHVI",0.546198993054544,0.0716999636469693,14,980894802.06049,708449379.008347,0
"storage_low_JRC_5",1,"EPI",0.643142852446114,0.0405320290972818,15,982171649.418887,746156639.392763,0
"storage_low_JRC_5",2,"TS",0.5632406169979,0.064461468935245,46,980639367.053309,710722176.985894,0
"storage_low_JRC_5",2,"SCAL",0.609649908472565,0.0458874128944785,35,982357959.707757,781940501.422216,0
"storage_low_JRC_5",2,"EHVI",0.58465916722922,0.0597765472649137,46,982952600.175748,745218692.654919,0
"storage_low_JRC_5",2,"EPI",0.633596670653868,0.0395242083034084,11,982952600.175748,730113362.114074,0
"storage_low_JRC_5",3,"TS",0.574274337807927,0.0568186080025421,20,982261114.396364,768819823.336136,0
"storage_low_JRC_5",3,"SCAL",0.630579341378084,0.0319124533921022,25,984902763.190284,833949418.666173,0
"storage_low_JRC_5",3,"EHVI",0.627853909031785,0.0539482689670367,23,980891486.936482,778442761.85845,0
"storage_low_JRC_5",3,"EPI",0.587924900548248,0.0568064217999543,14,984671442.155005,723179514.294899,0
"storage_low_JRC_5",4,"TS",0.590680088510506,0.0585821433926008,27,988101143.040159,712680498.078651,0
"storage_low_JRC_5",4,"SCAL",0.687263909579833,0.0113642944265491,18,982611759.009515,803412879.036328,0
"storage_low_JRC_5",4,"EHVI",0.625340503821786,0.0347392622010078,29,982414593.989309,817983513.908264,0
"storage_low_JRC_5",4,"EPI",0.614191247572563,0.045589290127295,15,982821420.629695,718170293.177989,0
"storage_low_JRC_5",5,"TS",0.598279392071556,0.0489590976890641,14,981083582.314197,765074456.51798,0
"storage_low_JRC_5",5,"SCAL",0.640022701526467,0.0283087987671844,30,983878155.155852,813502674.443543,0
"storage_low_JRC_5",5,"EHVI",0.586631802468718,0.0563476488646628,33,981171439.14951,748083777.399606,0
"storage_low_JRC_5",5,"EPI",0.586107672799724,0.0548482956982173,14,980519560.46212,783672554.765925,0
"storage_low_JRC_5",6,"TS",0.578949937940012,0.0617472683961109,34,987293259.154866,723619608.200371,0
"storage_low_JRC_5",6,"SCAL",0.605421561477063,0.046297176225691,38,985496290.912922,772796339.167385,0
"storage_low_JRC_5",6,"EHVI",0.589047569662447,0.0575434222935371,20,982553115.919861,732815260.93984,0
"storage_low_JRC_5",6,"EPI",0.639594523180097,0.0464756332840782,18,980411603.847099,828029312.557895,0
"storage_low_JRC_5",7,"TS",0.573850357564981,0.0568849977174813,37,982684166.038432,740610689.750965,0
"storage_low_JRC_5",7,"SCAL",0.564116103419747,0.0757597926174395,43,982502885.616501,728113406.525632,0
"storage_low_JRC_5",7,"EHVI",0.619196173945967,0.0386167333377662,19,983008960.365504,785917783.908935,0
"storage_low_JRC_5",7,"EPI",0.538807352941225,0.0835064133273694,22,982232749.918685,740243951.92395,0
"storage_low_JRC_5",8,"TS",0.598355085401847,0.051814969169793,12,982470149.080781,746111428.025916,0
"storage_low_JRC_5",8,"SCAL",0.594707442809903,0.0512526533245968,34,986770926.590776,736519454.445691,0
"storage_low_JRC_5",8,"EHVI",0.656533047244414,0.0352630088261038,16,982694802.146894,761283469.248137,0
"storage_low_JRC_5",8,"EPI",0.634864801034799,0.040552619786358,10,992899345.971015,723257969.870908,0
"storage_low_JRC_5",9,"TS",0.661878872928063,0.0296364252161296,26,981744694.921933,744892268.679059,0
"storage_low_JRC_5",9,"SCAL",0.680247337787129,0.0112962804144222,30,986461430.329504,837712163.079185,0
"storage_low_JRC_5",9,"EHVI",0.669366392241028,0.0199579691848545,16,1001525347.03456,841628904.809238,0
"storage_low_JRC_5",9,"EPI",0.610779057808428,0.0521756190597914,19,981095543.51354,742991659.843336,0
"storage_low_JRC_5",10,"TS",0.608696461984383,0.0435045203583454,12,983937750.347844,742223653.818252,0
"storage_low_JRC_5",10,"SCAL",0.599108519436003,0.0507206600679192,54,982585331.207514,762259289.018862,0
"storage_low_JRC_5",10,"EHVI",0.583208418177494,0.056552410589408,38,981343504.540203,742223653.818252,0
"storage_low_JRC_5",10,"EPI",0.591730253991365,0.0529270336624519,11,983937750.347844,742223653.818252,0
"storage_high_JRC_35",1,"TS",0.58084935178065,0.0630340042729551,46,1340192390.37163,686520641.993336,0
"storage_high_JRC_35",1,"SCAL",0.564951198580663,0.0683516993220564,48,1325625532.04312,752581342.547672,0
"storage_high_JRC_35",1,"EHVI",0.546198993054544,0.0716999636469693,14,1323067407.43043,708449379.008347,0
"storage_high_JRC_35",1,"EPI",0.643142852446114,0.0405320290972819,15,1324789666.65803,746156639.392763,0
"storage_high_JRC_35",2,"TS",0.5632406169979,0.064461468935245,46,1322722867.18818,710722176.985894,0
"storage_high_JRC_35",2,"SCAL",0.609649908472565,0.0458874128944785,35,1325040968.90814,781940501.422216,0
"storage_high_JRC_35",2,"EHVI",0.58465916722922,0.0597765472649137,46,1325843042.09752,745218692.654919,0
"storage_high_JRC_35",2,"EPI",0.633596670653869,0.0395242083034084,11,1325843042.09752,730113362.114074,0
"storage_high_JRC_35",3,"TS",0.574274337807927,0.056818608002542,20,1324910340.34858,768819823.336136,0
"storage_high_JRC_35",3,"SCAL",0.630579341378084,0.0319124533921022,25,1328473494.53573,833949418.666173,0
"storage_high_JRC_35",3,"EHVI",0.627853909031785,0.0539482689670367,23,1323062935.86781,778442761.85845,0
"storage_high_JRC_35",3,"EPI",0.587924900548248,0.0568064217999544,14,1328161480.11605,723179514.294899,0
"storage_high_JRC_35",4,"TS",0.590680088510506,0.0585821433926008,27,1332787588.28673,712680498.078651,0
"storage_high_JRC_35",4,"SCAL",0.687263909579833,0.0113642944265491,18,1325383302.85004,803412879.036328,0
"storage_high_JRC_35",4,"EHVI",0.625340503821786,0.0347392622010078,29,1325117359.33442,817983513.908264,0
"storage_high_JRC_35",4,"EPI",0.614191247572563,0.045589290127295,15,1325666102.2447,718170293.177989,0
"storage_high_JRC_35",5,"TS",0.598279392071556,0.0489590976890641,14,1323322041.26101,765074456.51798,0
"storage_high_JRC_35",5,"SCAL",0.640022701526467,0.0283087987671844,30,1327091465.09394,813502674.443543,0
"storage_high_JRC_35",5,"EHVI",0.586631802468718,0.0563476488646628,33,1323440545.82957,748083777.399606,0
"storage_high_JRC_35",5,"EPI",0.586107672799724,0.0548482956982173,14,1322561267.60007,783672554.765925,0
"storage_high_JRC_35",6,"TS",0.578949937940012,0.0617472683961109,34,1331697884.44145,723619608.200371,0
"storage_high_JRC_35",6,"SCAL",0.605421561477063,0.046297176225691,38,1329274066.81278,772796339.167385,0
"storage_high_JRC_35",6,"EHVI",0.589047569662447,0.0575434222935371,20,1325304202.86865,732815260.93984,0
"storage_high_JRC_35",6,"EPI",0.639594523180097,0.0464756332840782,18,1322415651.70074,828029312.557895,0
"storage_high_JRC_35",7,"TS",0.573850357564981,0.0568849977174813,37,1325480968.14486,740610689.750965,0
"storage_high_JRC_35",7,"SCAL",0.564116103419747,0.0757597926174395,43,1325236450.36644,728113406.525632,0
"storage_high_JRC_35",7,"EHVI",0.619196173945967,0.0386167333377662,19,1325919062.81859,785917783.908935,0
"storage_high_JRC_35",7,"EPI",0.538807352941225,0.0835064133273694,22,1324872081.28567,740243951.92395,0
"storage_high_JRC_35",8,"TS",0.598355085401847,0.051814969169793,12,1325192294.10896,746111428.025916,0
"storage_high_JRC_35",8,"SCAL",0.594707442809904,0.0512526533245968,34,1330993342.84337,736519454.445691,0
"storage_high_JRC_35",8,"EHVI",0.656533047244414,0.0352630088261038,16,1325495314.52372,761283469.248137,0
"storage_high_JRC_35",8,"EPI",0.634864801034798,0.040552619786358,10,1339259582.93765,723257969.870908,0
"storage_high_JRC_35",9,"TS",0.661878872928063,0.0296364252161296,26,1324213774.54586,744892268.679059,0
"storage_high_JRC_35",9,"SCAL",0.680247337787129,0.0112962804144222,30,1330575882.77003,837712163.079185,0
"storage_high_JRC_35",9,"EHVI",0.669366392241028,0.0199579691848545,16,1350894654.13964,841628904.809238,0
"storage_high_JRC_35",9,"EPI",0.610779057808428,0.0521756190597914,19,1323338174.97175,742991659.843336,0
"storage_high_JRC_35",10,"TS",0.608696461984383,0.0435045203583454,12,1327171849.30639,742223653.818252,0
"storage_high_JRC_35",10,"SCAL",0.599108519436003,0.0507206600679192,54,1325347656.04734,762259289.018862,0
"storage_high_JRC_35",10,"EHVI",0.583208418177494,0.056552410589408,38,1323672634.03097,742223653.818252,0
"storage_high_JRC_35",10,"EPI",0.591730253991365,0.0529270336624519,11,1327171849.30639,742223653.818252,0
